<?xml version="1.0" encoding="UTF-8"?>
<beans xmlns="http://www.springframework.org/schema/beans"
	xmlns:xsi="http://www.w3.org/2001/XMLSchema-instance" xmlns:context="http://www.springframework.org/schema/context"
	xmlns:mvc="http://www.springframework.org/schema/mvc" xmlns:tx="http://www.springframework.org/schema/tx"
	xsi:schemaLocation="http://www.springframework.org/schema/beans http://www.springframework.org/schema/beans/spring-beans-3.0.xsd
    http://www.springframework.org/schema/context http://www.springframework.org/schema/context/spring-context-3.0.xsd
   	http://www.springframework.org/schema/mvc http://www.springframework.org/schema/mvc/spring-mvc-3.0.xsd
    http://www.springframework.org/schema/tx http://www.springframework.org/schema/tx/spring-tx.xsd">

	<!-- telling container to scan our classes containing Spring annotations -->
	<context:component-scan base-package="mum.cs472" />
	<bean id="basicDataSource" class="org.apache.commons.dbcp.BasicDataSource">
	    <property name="driverClassName" value="com.mysql.jdbc.Driver" />
	    <property name="url" value="jdbc:mysql://10.10.15.85:3306/jobseeker" />
	    <property name="username" value="jobseeker" />
	    <property name="password" value="jobseeker" />
	  </bean>

	<!-- jdbcTemplate uses dataSource --> 
    <bean id="jdbcTemplate" class="org.springframework.jdbc.core.JdbcTemplate">
        <property name="dataSource" ref="basicDataSource" />
    </bean>
	
	<bean id="transactionManager" class="org.springframework.jdbc.datasource.DataSourceTransactionManager" >
        <property name="dataSource" ref="basicDataSource"/>
    </bean>

  	<bean id="multipartResolver"
		class="org.springframework.web.multipart.commons.CommonsMultipartResolver">
		<!-- Max size in bytes. -->
		<property name="maxUploadSize" value="200000000" />
	</bean>
	
	

</beans>